user_id,name
112108,WJOHAS
79431,URIHKX
42756,TOGGOZ
17227,YNGHVT
56463,TVTPKM
125030,BLCWGB
182389,VJRVYL
98711,BQFCRO
51011,ICGVZD
156353,JYVYLQ
111860,QRNSTS
200032,ETQCQV
77529,GRRNPW
184099,MRWGSM
152953,CLKDHL
41751,BUNUXX
27650,EXGBNG
27766,WESHCE
61911,PPUDUF
47848,MUTJYU
166117,UIYEBS
310,WXOJTK
47475,ATISRH
164808,QAFCUI
16111,GFQEKA
173934,ERLQMZ
80403,YMQAYN
129386,QRSCKD
119791,RITFIH
34221,NRAWCV
79725,WJGQHC
127134,HORRKG
10125,ZXUXOL
176046,EPGABH
158476,YFHMGI
171686,SQMRMJ
96497,MAYEKB
156818,GRSISQ
71899,HRSBPQ
163023,WFCHMQ
102719,CYHLZQ
135489,HWIDZA
94042,SUJYGU
188528,GEVJBY
137611,VKYLKN
157320,MQHLTE
77290,CODVWR
145005,CUQRXK
142945,YCEROK
178733,TZTVRJ
152780,IOMOKH
30038,LFLMBD
7258,ZSUURD
2454,CRXFZX
146978,BDTNZD
134295,TVIDTO
7691,PFOMSL
124061,LICJNN
14499,GLTLLO
102187,LHBUJF
102422,AZXUUI
108750,BUBZCC
45744,BSALBB
21272,BGKXKP
181259,HECHTX
34285,PLZXDC
132091,FVOWVM
167740,RINVTC
124463,ECBYVL
816,BTICQI
23856,PCCLLP
140155,GGXYIX
167470,HGYBSI
112827,WVTVKX
9636,JBCQAK
22201,VEMCSA
103659,TBZCEX
190554,ARCNAB
68146,FOWXTW
150785,DSLLLS
182107,EKHRVK
159042,JXTXKC
173120,OBXSFR
109929,OJPVZV
20433,YGSCYQ
127342,UHAQAA
172092,KACLZR
66177,UZWKGG
107976,YUQNLD
70577,GBEDKU
8242,DLBPEU
163806,YTBJPW
94991,MZSBWW
113534,DUBOCV
54174,JHXRXY
172185,DERGSS
19636,IKZWLL
177129,MZROYO
134917,WCPNTE
206024,FXYMDO
100682,BIEUXH
164301,BWSJKV
203008,TCVFWA
123426,JALKAU
75490,HREXFQ
134766,ESJSJC
32789,QFVCSK
68007,PYBJZC
121772,TWMOXM
156616,PWTQLL
192743,QLOYMH
71778,DNKWMZ
51956,GTHSRM
184303,LZCDUL
105928,VMECTR
21515,ATMRQH
286,LPXWQX
109593,JVWQNL
6990,SDMOAS
4483,RJWAQP
605,JTTAUF
144433,EHYJAR
189074,FCAWCE
167703,OIXBCE
7172,LWLPTF
97381,WJOAVK
158868,HLGJBT
148593,ESXPQH
159534,ROGPCF
141651,YQGRGZ
82113,CZXROM
78126,OXIXIZ
108416,MMGBUW
159235,LMKUVV
127392,BJGEIR
172135,HPPEKW
22622,PWDMPN
21721,LSEESR
152943,OOBHDE
179095,GUKOOM
96792,ZLBDQR
23057,BNQQFV
33740,WRWHIO
133280,BHGVUF
92382,QXJPAK
53847,DCIOBA
95044,OBOXXI
30091,JWQGAU
186124,EFMOGL
154864,TRSIIC
71669,TRCHDH
26430,BWPHBB
40150,UTIIQN
198530,YIZFGW
107978,TDFGOB